{
    "1:1,1375": {
        "alpha": 1.0,
        "beta": 9.999999974752427e-07
    },
    "1:2,17": {
        "alpha": 0.8234502673149109,
        "beta": 0.23384621739387512
    },
    "1:3,2": {
        "alpha": 0.520466685295105,
        "beta": 0.3087431490421295
    },
    "2:1,385": {
        "alpha": 3.794301665038802e-05,
        "beta": 0.9987216591835022
    },
    "2:2,167": {
        "alpha": 0.010737360455095768,
        "beta": 0.9424133896827698
    },
    "2:3,13": {
        "alpha": 0.43280574679374695,
        "beta": 0.48551446199417114
    },
    "2:4,2": {
        "alpha": 0.5287659168243408,
        "beta": 0.47178176045417786
    },
    "3:1,97": {
        "alpha": 0.23811651766300201,
        "beta": 0.9999003410339355
    },
    "4:1,48": {
        "alpha": 0.3462092876434326,
        "beta": 0.03779426962137222
    },
    "4:2,12": {
        "alpha": 0.5204592347145081,
        "beta": 0.18514394760131836
    },
    "4:3,1": {
        "alpha": 0.46668651700019836,
        "beta": 0.25567471981048584
    },
    "5:1,483": {
        "alpha": 1.0250601917505264e-05,
        "beta": 9.999999974752427e-07
    },
    "5:2,19": {
        "alpha": 0.49420464038848877,
        "beta": 0.12786570191383362
    },
    "5:3,2": {
        "alpha": 0.4633435010910034,
        "beta": 0.25002509355545044
    },
    "6:1,24": {
        "alpha": 0.4891079366207123,
        "beta": 0.10030127316713333
    },
    "6:2,13": {
        "alpha": 0.5185859799385071,
        "beta": 0.17866407334804535
    },
    "6:3,1": {
        "alpha": 0.46668651700019836,
        "beta": 0.25567471981048584
    }
}