{
    "1:1,1375": {
        "alpha": 1.0,
        "beta": 1.0
    },
    "1:2,18": {
        "alpha": 0.690769612789154,
        "beta": 0.760371744632721
    },
    "2:1,566": {
        "alpha": 1.0,
        "beta": 1.0
    },
    "2:2,16": {
        "alpha": 0.6805512309074402,
        "beta": 0.7419227361679077
    },
    "2:3,12": {
        "alpha": 0.6817957162857056,
        "beta": 0.7006517648696899
    },
    "3:1,483": {
        "alpha": 0.9999997615814209,
        "beta": 1.0
    },
    "4:1,621": {
        "alpha": 1.0,
        "beta": 1.0
    },
    "4:2,273": {
        "alpha": 0.9998250603675842,
        "beta": 0.9999994039535522
    },
    "4:3,59": {
        "alpha": 0.8852693438529968,
        "beta": 0.9659869074821472
    },
    "4:4,17": {
        "alpha": 0.721692681312561,
        "beta": 0.753490149974823
    },
    "4:5,2": {
        "alpha": 0.6292925477027893,
        "beta": 0.5044575929641724
    },
    "4:6,1": {
        "alpha": 0.6297339797019958,
        "beta": 0.49370476603507996
    },
    "5:1,1375": {
        "alpha": 1.0,
        "beta": 1.0
    },
    "5:2,26": {
        "alpha": 0.8445250988006592,
        "beta": 0.8706365823745728
    },
    "6:1,8": {
        "alpha": 0.7204875946044922,
        "beta": 0.6215595006942749
    },
    "6:2,7": {
        "alpha": 0.7108965516090393,
        "beta": 0.6074880361557007
    },
    "7:1,483": {
        "alpha": 1.0,
        "beta": 1.0
    },
    "7:2,21": {
        "alpha": 0.812030017375946,
        "beta": 0.8280007243156433
    },
    "8:1,1375": {
        "alpha": 1.0,
        "beta": 1.0
    },
    "8:2,11": {
        "alpha": 0.7329896092414856,
        "beta": 0.7090858817100525
    },
    "9:1,621": {
        "alpha": 1.0,
        "beta": 1.0
    },
    "10:1,262": {
        "alpha": 1.0,
        "beta": 1.0
    },
    "10:2,40": {
        "alpha": 0.9709728360176086,
        "beta": 0.9741314053535461
    },
    "11:1,125": {
        "alpha": 0.9999445676803589,
        "beta": 0.9999665021896362
    },
    "11:2,7": {
        "alpha": 0.7538466453552246,
        "beta": 0.6452584862709045
    },
    "11:3,6": {
        "alpha": 0.7363330721855164,
        "beta": 0.61653071641922
    },
    "12:1,615": {
        "alpha": 1.0,
        "beta": 1.0
    },
    "12:2,3": {
        "alpha": 0.6903094053268433,
        "beta": 0.5018645524978638
    },
    "13:1,210": {
        "alpha": 1.0,
        "beta": 1.0
    },
    "13:2,5": {
        "alpha": 0.7530271410942078,
        "beta": 0.5660468339920044
    },
    "14:1,122": {
        "alpha": 0.9999979734420776,
        "beta": 0.9999970197677612
    },
    "14:2,99": {
        "alpha": 0.9999790191650391,
        "beta": 0.9999669790267944
    },
    "15:1,566": {
        "alpha": 1.0,
        "beta": 1.0
    },
    "16:1,1375": {
        "alpha": 1.0,
        "beta": 1.0
    },
    "16:2,12": {
        "alpha": 0.8513007760047913,
        "beta": 0.8025328516960144
    },
    "17:1,89": {
        "alpha": 0.9999923706054688,
        "beta": 0.9999861717224121
    },
    "17:2,66": {
        "alpha": 0.9998651742935181,
        "beta": 0.9997573494911194
    },
    "18:1,566": {
        "alpha": 1.0,
        "beta": 1.0
    },
    "18:2,30": {
        "alpha": 0.9868232011795044,
        "beta": 0.9793965816497803
    },
    "18:3,3": {
        "alpha": 0.7101713418960571,
        "beta": 0.5089992880821228
    },
    "19:1,102": {
        "alpha": 0.9999984502792358,
        "beta": 0.9999971389770508
    },
    "19:2,41": {
        "alpha": 0.9969552755355835,
        "beta": 0.9947794675827026
    },
    "20:1,208": {
        "alpha": 1.0,
        "beta": 1.0
    },
    "20:2,6": {
        "alpha": 0.8004130125045776,
        "beta": 0.6585972309112549
    },
    "21:1,621": {
        "alpha": 1.0,
        "beta": 1.0
    },
    "22:1,566": {
        "alpha": 1.0,
        "beta": 1.0
    },
    "22:2,151": {
        "alpha": 1.0,
        "beta": 1.0
    },
    "22:3,65": {
        "alpha": 0.9999552965164185,
        "beta": 0.9999120235443115
    },
    "22:4,14": {
        "alpha": 0.9282096028327942,
        "beta": 0.8683186769485474
    },
    "23:1,122": {
        "alpha": 1.0,
        "beta": 1.0
    },
    "24:1,262": {
        "alpha": 1.0,
        "beta": 1.0
    },
    "24:2,40": {
        "alpha": 0.9983931183815002,
        "beta": 0.9970587491989136
    },
    "25:1,621": {
        "alpha": 1.0,
        "beta": 1.0
    },
    "26:1,262": {
        "alpha": 1.0,
        "beta": 1.0
    },
    "27:1,615": {
        "alpha": 1.0,
        "beta": 1.0
    },
    "27:2,317": {
        "alpha": 1.0,
        "beta": 1.0
    },
    "27:3,153": {
        "alpha": 1.0,
        "beta": 1.0
    },
    "27:4,65": {
        "alpha": 0.9999854564666748,
        "beta": 0.9999774694442749
    },
    "27:5,13": {
        "alpha": 0.9378356337547302,
        "beta": 0.8699679970741272
    },
    "28:1,1375": {
        "alpha": 1.0,
        "beta": 1.0
    },
    "29:1,122": {
        "alpha": 1.0,
        "beta": 1.0
    },
    "29:2,99": {
        "alpha": 1.0,
        "beta": 1.0
    },
    "29:3,66": {
        "alpha": 0.9999947547912598,
        "beta": 0.9999897480010986
    },
    "29:4,42": {
        "alpha": 0.9996508359909058,
        "beta": 0.9992706179618835
    },
    "30:1,210": {
        "alpha": 1.0,
        "beta": 1.0
    },
    "30:2,65": {
        "alpha": 0.9999938011169434,
        "beta": 0.9999886751174927
    },
    "30:3,4": {
        "alpha": 0.789745032787323,
        "beta": 0.6643195152282715
    },
    "31:1,483": {
        "alpha": 1.0,
        "beta": 1.0
    },
    "31:2,2": {
        "alpha": 0.7439131140708923,
        "beta": 0.5593478083610535
    },
    "32:1,55": {
        "alpha": 0.9999651908874512,
        "beta": 0.9999383687973022
    },
    "33:1,200": {
        "alpha": 1.0,
        "beta": 1.0
    },
    "34:1,566": {
        "alpha": 1.0,
        "beta": 1.0
    },
    "34:2,11": {
        "alpha": 0.9365036487579346,
        "beta": 0.9054605960845947
    },
    "35:1,262": {
        "alpha": 1.0,
        "beta": 1.0
    },
    "35:2,40": {
        "alpha": 0.9997084736824036,
        "beta": 0.9993902444839478
    },
    "36:1,1375": {
        "alpha": 1.0,
        "beta": 1.0
    },
    "36:2,498": {
        "alpha": 1.0,
        "beta": 1.0
    },
    "36:3,28": {
        "alpha": 0.9970520734786987,
        "beta": 0.9940861463546753
    },
    "36:4,16": {
        "alpha": 0.9726160168647766,
        "beta": 0.9460985064506531
    },
    "36:5,11": {
        "alpha": 0.9367174506187439,
        "beta": 0.8592016100883484
    },
    "37:1,615": {
        "alpha": 1.0,
        "beta": 1.0
    },
    "37:2,317": {
        "alpha": 1.0,
        "beta": 1.0
    },
    "37:3,153": {
        "alpha": 1.0,
        "beta": 1.0
    },
    "37:4,65": {
        "alpha": 0.9999985694885254,
        "beta": 0.9999934434890747
    },
    "38:1,483": {
        "alpha": 1.0,
        "beta": 1.0
    },
    "38:2,21": {
        "alpha": 0.9912915229797363,
        "beta": 0.9804624319076538
    },
    "38:3,5": {
        "alpha": 0.8445252776145935,
        "beta": 0.7473966479301453
    },
    "38:4,4": {
        "alpha": 0.8051224946975708,
        "beta": 0.678429126739502
    },
    "39:1,566": {
        "alpha": 1.0,
        "beta": 1.0
    },
    "39:2,53": {
        "alpha": 0.9999852180480957,
        "beta": 0.9999476671218872
    },
    "39:3,18": {
        "alpha": 0.983977735042572,
        "beta": 0.9648687839508057
    },
    "39:4,9": {
        "alpha": 0.9180212020874023,
        "beta": 0.8462623953819275
    },
    "40:1,1375": {
        "alpha": 1.0,
        "beta": 1.0
    },
    "41:1,621": {
        "alpha": 1.0,
        "beta": 1.0
    },
    "42:1,262": {
        "alpha": 1.0,
        "beta": 1.0
    },
    "43:1,483": {
        "alpha": 1.0,
        "beta": 1.0
    },
    "44:1,621": {
        "alpha": 1.0,
        "beta": 1.0
    },