{
    "1": 193.70714382917686,
    "2": 189.05649025831073,
    "3": 155.63852029441392,
    "4": 193.39619017184697,
    "5": 166.16940640545528,
    "6": 190.73649624605127,
    "7": 171.4005472467104,
    "8": 180.96910861428125,
    "9": 154.73586163475466,
    "10": 170.35888058004375,
    "11": 166.89553821082373,
    "12": 186.11046256280935,
    "13": 180.99516933319546,
    "14": -57.078613180842034,
    "15": -69.14979309740978,
    "16": 175.1965522233038,
    "17": 169.0344727744477,
    "18": 173.15027113879935,
    "19": 182.57825899860325,
    "20": 180.74860643157456,
    "21": 196.59963645829436,
    "22": 147.03096876768973,
    "23": 188.29877224183917,
    "24": 175.88054101963056,
    "25": 166.90537349292447,
    "26": 184.5937144570873,
    "27": 164.75460456561595,
    "28": 189.01233441415488,
    "29": 193.77242281495603,
    "30": -67.31817299914798,
    "31": 171.55745535384202,
    "32": 186.73486890406943,
    "33": 164.29223636587363,
    "34": 156.0451455412974,
    "35": 184.00173711168296,
    "36": 178.13590776052675,
    "37": 178.8478560074132,
    "38": 177.94801362951347,
    "39": -68.15031182479694,
    "40": 156.48700514289877,
    "41": 181.2990974308639,
    "42": 164.85533176445372,
    "43": 189.975191557012,
    "44": 190.7738238646146,
    "45": 178.18699708545918,
    "46": 164.6384125540889,
    "47": 150.61314048120883,
    "48": 185.99805991272797,
    "49": 189.89778445308858,
    "50": 162.2088967001581,
    "51": 193.81353788896584,
    "52": 193.3798556441381,
    "53": 174.16088104593837,
    "54": 190.8162518587442,
    "55": 180.04706230840554,
    "56": -64.7894278378874,
    "57": 185.11593812263897,
    "58": -61.780457401738865,
    "59": 168.9045833093562,
    "60": 187.27302571672587
}