{
    "1": 165.12901772671435,
    "2": 154.8525937142334,
    "3": 187.59309232017128,
    "4": 165.11046256280935,
    "5": 165.23862717724398,
    "6": 164.82854784010516
}