{
    "1": 175.90557090078832,
    "2": 164.59340258857065,
    "3": 187.5393468453732,
    "4": 136.30281151714473,
    "5": 175.89975271897015,
    "6": 175.23399876337407,
    "7": 175.99938293636694,
    "8": 175.91066180987923,
    "9": 187.52013214194795,
    "10": 175.92096081438797,
    "11": 164.51993179143648,
    "12": 176.01960386691886,
    "13": 176.05706336933343,
    "14": 175.281650337665,
    "15": 187.52779017592178,
    "16": 175.90993453715197,
    "17": 175.3561475341775,
    "18": 165.21866760623848,
    "19": 175.6939497028142,
    "20": 176.05230521325947,
    "21": 187.52013214194795,
    "22": 154.5802158757597,
    "23": 187.58961139563772,
    "24": 175.92096081438797,
    "25": 187.52013214194795,
    "26": 187.5701182182498,
    "27": 144.712791895734,
    "28": 187.4151474580159,
    "29": 153.44016402644968,
    "30": 165.05017723410296,
    "31": 176.03872041048703,
    "32": 187.59894027338765,
    "33": 187.57875091109304,
    "34": 176.01186989880986,
    "35": 175.92096081438797,
    "36": 144.55257009875515,
    "37": 154.06309230946428,
    "38": 154.4228316900867,
    "39": 154.55958630211893,
    "40": 187.4151474580159,
    "41": 187.52013214194795,
    "42": 187.5701182182498,
    "43": 187.5393468453732,
    "44": 187.52013214194795,
    "45": 187.59239613526458,
    "46": 175.82226526295636,
    "47": 154.6248567243939,
    "48": 164.8159400245797,
    "49": 187.520967563836,
    "50": 187.5393468453732,
    "51": 164.9097475646115,
    "52": 187.5393468453732,
    "53": 187.59239613526458,
    "54": 144.121023392215,
    "55": 187.52013214194795,
    "56": 175.6846831434063,
    "57": 187.59239613526458,
    "58": 187.5701182182498,
    "59": 187.5393468453732,
    "60": 187.59239613526458
}