{
    "6:1,262": {
        "alpha": 1.0,
        "beta": 5.4997937695588917e-05
    },
    "6:2,42": {
        "alpha": 0.9685395359992981,
        "beta": 0.11720851808786392
    },
    "6:3,14": {
        "alpha": 0.773421049118042,
        "beta": 0.25684574246406555
    },
    "6:4,3": {
        "alpha": 0.5282372832298279,
        "beta": 0.3361603915691376
    },
    "7:1,1375": {
        "alpha": 1.0,
        "beta": 9.999999974752427e-07
    },
    "7:2,8": {
        "alpha": 0.6511564254760742,
        "beta": 0.2702566087245941
    },
    "7:3,3": {
        "alpha": 0.5343908667564392,
        "beta": 0.31777504086494446
    },
    "7:4,1": {
        "alpha": 0.4877033531665802,
        "beta": 0.33190637826919556
    },
    "8:1,604": {
        "alpha": 1.0,
        "beta": 9.999999974752427e-07
    },
    "8:2,10": {
        "alpha": 0.7003929615020752,
        "beta": 0.2614801526069641
    },
    "8:3,5": {
        "alpha": 0.5695579648017883,
        "beta": 0.3199559450149536
    },
    "8:4,1": {
        "alpha": 0.4877033531665802,
        "beta": 0.33190637826919556
    }
}