{
    "1": 165.28365909435206,
    "2": 176.07440707582188,
    "3": 155.1054082066631,
    "4": 154.8779448334512,
    "5": 164.82854784010516,
    "6": 154.82725217079764,
    "7": 154.6660542865427,
    "8": 154.77100122291836
}